fold,mse,rmse,mae,r2,smape
Fold 1,184017.27827391625,428.9723514096407,187.3944717086202,0.6701224660415537,100.09180028442235
Fold 2,132499.55081183102,364.00487745610087,186.5641857869971,0.7356697363236286,104.1424010736369
Fold 3,120478.98875278037,347.100833696464,133.94744044728898,0.7706007249000123,82.04027580933804
