fold,mse,rmse,mae,r2,smape
Fold 1,270866.814137912,520.4486661890028,236.25078476160985,0.5310429021639278,100.63074335797914
Fold 2,173459.49458225354,416.48468709215894,188.3145412566872,0.6589745058913382,99.19736032041114
Fold 3,139770.40051280166,373.85879755972263,145.14339740892598,0.7316642313220048,86.6776247372428
