fold,mse,rmse,mae,r2,smape
Fold 1,232863.10728824505,482.55891587270986,217.7318348919904,0.5968394750219027,99.09231427242291
Fold 2,170436.6729941906,412.8397667306174,157.90242386187356,0.6649174450665856,78.92376211459545
Fold 3,154439.0551782195,392.9873473513104,157.84659942370283,0.7035028701849131,91.01868956454308
