fold,<10%_count,10-20%_count,20-30%_count,30-40%_count,>40%_count,<10%_pct,10-20%_pct,20-30%_pct,30-40%_pct,>40%_pct
Fold 1,16,61,95,117,971,1.2698412698412698,4.841269841269842,7.5396825396825395,9.285714285714286,77.06349206349206
Fold 2,12,79,131,119,960,0.9223674096848578,6.072252113758648,10.069177555726364,9.146810146041506,73.78939277478862
Fold 3,21,108,181,147,882,1.568334578043316,8.06572068707991,13.517550410754295,10.978342046303212,65.87005227781927
