fold,<10%_count,10-20%_count,20-30%_count,30-40%_count,>40%_count,<10%_pct,10-20%_pct,20-30%_pct,30-40%_pct,>40%_pct
Fold 1,10,53,94,100,1003,0.7936507936507936,4.2063492063492065,7.4603174603174605,7.936507936507936,79.6031746031746
Fold 2,17,66,130,151,937,1.3066871637202153,5.073020753266718,9.992313604919293,11.606456571867794,72.02152190622598
Fold 3,13,64,110,144,1008,0.9708737864077669,4.779686333084392,8.215085884988797,10.75429424943988,75.28005974607916
