fold,<10%_count,10-20%_count,20-30%_count,30-40%_count,>40%_count,<10%_pct,10-20%_pct,20-30%_pct,30-40%_pct,>40%_pct
Fold 1,21,84,138,143,933,1.592115238817286,6.368460955269144,10.462471569370734,10.841546626231995,70.73540561031083
Fold 2,20,85,126,104,995,1.5037593984962405,6.390977443609022,9.473684210526317,7.819548872180452,74.81203007518798
Fold 3,20,140,162,153,880,1.4760147601476015,10.33210332103321,11.955719557195572,11.29151291512915,64.94464944649447
