metric,mean,std
MSE,137356.24433875136,19126.80653676528
RMSE,370.03356884148826,25.43822721367254
MAE,160.72958309940518,19.450908902297265
R²,0.7390724645864282,0.04139215378898048
SMAPE,89.41363910582301,14.707189919376702
