metric,mean,std
MSE,194698.9030776557,68080.1128911184
RMSE,436.93071694696147,75.40343161159848
MAE,189.90290780907435,45.57445763568177
R²,0.6405605464590903,0.10157034436668864
SMAPE,95.5019094718777,7.675587765215754
