metric,mean,std
MSE,145665.27261284253,33753.23290774003
RMSE,380.0260208540685,43.22318972494316
MAE,169.30203264763543,30.620789276527624
R²,0.7254643090883982,0.051010618351447594
SMAPE,95.42482572246576,11.766965367976228
